Drugbank_ID,SMILES,Generic/Proper_Name(s),Classification,label
DB00907,[H][C@]12CC[C@]([H])([C@H]([C@H](C1)OC(=O)C1=CC=CC=C1)C(=O)OC)N2C,cocaine,NON-DIQT,0
DB00822,CCN(CC)C(=S)SSC(=S)N(CC)CC,disulfiram,NON-DIQT,0
DB14575,NC(=O)N1C2=C(C[C@H](O)C3=C1C=CC=C3)C=CC=C2,eslicarbazepine,NON-DIQT,0
DB00593,CCC1(C)CC(=O)NC1=O,ethosuximide,NON-DIQT,0
DB00754,CCN1C(=O)NC(C1=O)C1=CC=CC=C1,ethotoin,NON-DIQT,0
DB00794,CCC1(C(=O)NCNC1=O)C1=CC=CC=C1,primidone,NON-DIQT,0
DB01589,FC1=CC=CC=C1C1=NCC(=S)N(CC(F)(F)F)C2=C1C=C(Cl)C=C2,quazepam,NON-DIQT,0
DB00980,CCC(=O)NCC[C@@H]1CCC2=C1C1=C(OCC1)C=C2,ramelteon,NON-DIQT,0
DB01399,OC(=O)C1=CC=CC=C1OC(=O)C1=CC=CC=C1O,salsalate,NON-DIQT,0
DB09118,CC(C)(C)C(O)\C=C\C1=CC2=C(OCO2)C=C1,stiripentol,NON-DIQT,0
DB01033,S=C1N=CNC2=C1NC=N2,mercaptopurine,NON-DIQT,0
DB00352,NC1=NC(=S)C2=C(N1)N=CN2,thioguanine,NON-DIQT,0
DB00932,[H][C@@](CC)(C1=CC(NS(=O)(=O)C2=NC=C(C=C2)C(F)(F)F)=CC=C1)C1=C(O)C[C@@](CCC)(CCC2=CC=CC=C2)OC1=O,tipranavir,NON-DIQT,0
DB00291,OC(=O)CCCC1=CC=C(C=C1)N(CCCl)CCCl,chlorambucil,NON-DIQT,0
DB00499,CC(C)C(=O)NC1=CC(=C(C=C1)[N+]([O-])=O)C(F)(F)F,flutamide,NON-DIQT,0
DB01206,ClCCN(N=O)C(=O)NC1CCCCC1,lomustine,NON-DIQT,0
DB00648,ClC(Cl)C(C1=CC=C(Cl)C=C1)C1=CC=CC=C1Cl,sulfonamide,NON-DIQT,0
DB00385,[H][C@@]1(C[C@@](O)(CC2=C(O)C3=C(C(O)=C12)C(=O)C1=C(OC)C=CC=C1C3=O)C(=O)COC(=O)CCCC)O[C@H]1C[C@H](NC(=O)C(F)(F)F)[C@H](O)[C@H](C)O1,valrubicin,NON-DIQT,0
DB13868,NC1=C2N=CN(CCOCP(O)(O)=O)C2=NC=N1,adefovir,NON-DIQT,0
DB01060,[H][C@]12SC(C)(C)[C@@H](N1C(=O)[C@H]2NC(=O)[C@H](N)C1=CC=C(O)C=C1)C(O)=O,amoxicillin,NON-DIQT,0
DB01140,[H][C@]12SCC(C)=C(N1C(=O)[C@H]2NC(=O)[C@H](N)C1=CC=C(O)C=C1)C(O)=O,cefadroxil,NON-DIQT,0
DB01066,[H][C@]12SCC(\C=C/C3=C(C)N=CS3)=C(N1C(=O)[C@H]2NC(=O)C(=N/OC)\C1=CSC(N)=N1)C(O)=O,cefditoren,NON-DIQT,0
DB01413,CO\N=C(/C(=O)N[C@@H]1C(=O)N2[C@]1([H])SCC(C[N+]1(C)CCCC1)=C2C([O-])=O)C1=CSC(N)=N1,cefepime,NON-DIQT,0
DB00671,[H][C@]12SCC(C=C)=C(N1C(=O)[C@H]2NC(=O)C(=N/OCC(O)=O)\C1=CSC(N)=N1)C(O)=O,cefixime,NON-DIQT,0
DB01330,[H][C@]12SCC(CSC3=NN=NN3C)=C(N1C(=O)[C@]2(NC(=O)C1SC(S1)=C(C(N)=O)C(O)=O)OC)C(O)=O,cefotetan,NON-DIQT,0
DB01331,[H][C@]12SCC(COC(N)=O)=C(N1C(=O)[C@]2(NC(=O)CC1=CC=CS1)OC)C(O)=O,cefoxitin,NON-DIQT,0
DB01332,[H][C@]12SCC=C(N1C(=O)[C@H]2NC(=O)C(=N/OC)\C1=CSC(N)=N1)C(O)=O,ceftizoxime,NON-DIQT,0
DB00567,[H][C@]12SCC(C)=C(N1C(=O)[C@H]2NC(=O)[C@H](N)C1=CC=CC=C1)C(O)=O,cephalexin,NON-DIQT,0
DB01082,CN[C@H]1[C@H](O)[C@@H](O)[C@H](CO)O[C@H]1O[C@H]1[C@H](O[C@H]2[C@H](O)[C@@H](O)[C@H](NC(N)=N)[C@@H](O)[C@@H]2NC(N)=N)O[C@@H](C)[C@]1(O)C=O,streptomycin,NON-DIQT,0
DB00359,NC1=CC=C(C=C1)S(=O)(=O)NC1=NC=CC=N1,sulfadiazine,NON-DIQT,0
DB00485,[H][C@]12SC(C)(C)[C@@H](N1C(=O)[C@H]2NC(=O)C1=C(C)ON=C1C1=C(Cl)C=CC=C1Cl)C(O)=O,dicloxacillin,NON-DIQT,0
DB00900,OC[C@@H]1CC[C@@H](O1)N1C=NC2=C1NC=NC2=O,didanosine,NON-DIQT,0
DB00879,NC1=NC(=O)N(C=C1F)[C@@H]1CS[C@H](CO)O1,emtricitabine,NON-DIQT,0
DB00442,NC1=NC(=O)C2=C(N1)N(C=N2)[C@H]1C[C@H](O)[C@@H](CO)C1=C,entecavir,NON-DIQT,0
DB00828,C[C@@H]1O[C@@H]1P(O)(O)=O,fosfomycin,NON-DIQT,0
DB00951,NNC(=O)C1=CC=NC=C1,isoniazid,NON-DIQT,0
DB01110,ClC1=CC(Cl)=C(COC(CN2C=CN=C2)C2=C(Cl)C=C(Cl)C=C2)C=C1,miconazole,NON-DIQT,0
DB00238,CC1=C2NC(=O)C3=C(N=CC=C3)N(C3CC3)C2=NC=C1,nevirapine,NON-DIQT,0
DB00384,NC1=NC(N)=C2N=C(C(N)=NC2=N1)C1=CC=CC=C1,triamterene,NON-DIQT,0
DB01086,CCOC(=O)C1=CC=C(N)C=C1,benzocaine,NON-DIQT,0
DB00887,CCCCNC1=C(OC2=CC=CC=C2)C(=CC(=C1)C(O)=O)S(N)(=O)=O,bumetanide,NON-DIQT,0
DB00641,[H][C@]12[C@H](C[C@@H](C)C=C1C=C[C@H](C)[C@@H]2CC[C@@H]1C[C@@H](O)CC(=O)O1)OC(=O)C(C)(C)CC,simvastatin,NON-DIQT,0
DB00421,[H][C@@]12CC[C@@]3(CCC(=O)O3)[C@@]1(C)CC[C@@]1([H])[C@@]2([H])[C@@]([H])(CC2=CC(=O)CC[C@]12C)SC(C)=O,spironolactone,NON-DIQT,0
DB01157,COC1=CC(NCC2=C(C)C3=C(C=C2)N=C(N)N=C3N)=CC(OC)=C1OC,trimetrexate,NON-DIQT,0
DB00050,CC(C)C[C@H](NC(=O)[C@@H](CCCNC(N)=O)NC(=O)[C@H](CC1=CC=C(O)C=C1)NC(=O)[C@H](CO)NC(=O)[C@@H](CC1=CN=CC=C1)NC(=O)[C@@H](CC1=CC=C(Cl)C=C1)NC(=O)[C@@H](CC1=CC2=CC=CC=C2C=C1)NC(C)=O)C(=O)N[C@@H](CCCNC(N)=N)C(=O)N1CCC[C@H]1C(=O)N[C@H](C)C(N)=O,cetrorelix,NON-DIQT,0
DB00763,CN1C=CNC1=S,methimazole,NON-DIQT,0
DB00284,[H]C(=O)[C@H](O)[C@@H](O)[C@]([H])(O[C@@]1([H])O[C@H](CO)[C@@]([H])(O[C@H]2O[C@H](C)[C@@H](N[C@@]3([H])C=C(CO)[C@@H](O)[C@H](O)[C@H]3O)[C@H](O)[C@H]2O)[C@H](O)[C@H]1O)[C@H](O)CO,acarbose,NON-DIQT,0
DB06756,C[N+](C)(C)CC([O-])=O,betaine,NON-DIQT,0
DB00630,NCCCC(O)(P(O)(O)=O)P(O)(O)=O,alendronate,NON-DIQT,0
DB00639,ClC1=CC=C(CCC(CN2C=CN=C2)SC2=C(Cl)C=CC=C2Cl)C=C1,butoconazole,NON-DIQT,0
DB00165,CC1=C(O)C(CO)=C(CO)C=N1,pyridoxine,NON-DIQT,0
DB00621,[H][C@@]12CC[C@](C)(O)[C@@]1(C)CC[C@@]1([H])[C@@]2([H])CC[C@@]2([H])CC(=O)OC[C@]12C,oxandrolone,NON-DIQT,0
DB00713,[H][C@]12SC(C)(C)[C@@H](N1C(=O)[C@H]2NC(=O)C1=C(C)ON=C1C1=CC=CC=C1)C(O)=O,oxacillin,NON-DIQT,0
DB00319,[H][C@]12SC(C)(C)[C@@H](N1C(=O)[C@H]2NC(=O)[C@H](NC(=O)N1CCN(CC)C(=O)C1=O)C1=CC=CC=C1)C(O)=O,piperacillin,NON-DIQT,0
DB00339,NC(=O)C1=NC=CN=C1,pyrazinamide,NON-DIQT,0
DB00615,CO[C@H]1\C=C\O[C@@]2(C)OC3=C(C2=O)C2=C(C(O)=C3C)C(=O)C(NC(=O)\C(C)=C/C=C/[C@H](C)[C@H](O)[C@@H](C)[C@@H](O)[C@@H](C)[C@H](OC(C)=O)[C@@H]1C)=C1NC3(CCN(CC3)CC(C)C)N=C21,rifabutin,NON-DIQT,0
DB00649,CC1=CN([C@@H]2O[C@H](CO)C=C2)C(=O)NC1=O,stavudine,NON-DIQT,0
DB00634,CC(=O)NS(=O)(=O)C1=CC=C(N)C=C1,sulfacetamide,NON-DIQT,0
DB08819,CC(C)OC(=O)CCC\C=C/C[C@H]1[C@@H](O)C[C@@H](O)[C@@H]1\C=C\C(F)(F)COC1=CC=CC=C1,tafluprost,NON-DIQT,0
DB00684,NC[C@H]1O[C@H](O[C@@H]2[C@@H](N)C[C@@H](N)[C@H](O[C@H]3O[C@H](CO)[C@@H](O)[C@H](N)[C@H]3O)[C@H]2O)[C@H](N)C[C@@H]1O,tobramycin,NON-DIQT,0
DB00782,CC(C)[N+](C)(CCOC(=O)C1C2=CC=CC=C2OC2=CC=CC=C12)C(C)C,propantheline,NON-DIQT,0
DB00672,CCCNC(=O)NS(=O)(=O)C1=CC=C(Cl)C=C1,chlorpropamide,NON-DIQT,0
DB01124,CCCCNC(=O)NS(=O)(=O)C1=CC=C(C)C=C1,tolbutamide,NON-DIQT,0
DB00839,CC1=CC=C(C=C1)S(=O)(=O)NC(=O)NN1CCCCCC1,tolazamide,NON-DIQT,0
DB00348,[O-][N+](=O)C1=C(C=CC(=C1)C(F)(F)F)C(=O)C1C(=O)CCCC1=O,nitisinone,NON-DIQT,0
DB00841,CC(CCC1=CC=C(O)C=C1)NCCC1=CC(O)=C(O)C=C1,dobutamine,NON-DIQT,0
DB00657,CNC1(C)C2CCC(C2)C1(C)C,mecamylamine,NON-DIQT,0
DB00925,CC(COC1=CC=CC=C1)N(CCCl)CC1=CC=CC=C1,phenoxybenzamine,NON-DIQT,0
DB00187,COC(=O)CCC1=CC=C(OCC(O)CNC(C)C)C=C1,esmolol,NON-DIQT,0
DB04861,OC(CNCC(O)C1CCC2=C(O1)C=CC(F)=C2)C1CCC2=C(O1)C=CC(F)=C2,nebivolol,NON-DIQT,0
DB01148,CC1=C(OC2=C(C=CC=C2C(=O)OCCN2CCCCC2)C1=O)C1=CC=CC=C1,flavoxate,NON-DIQT,0
DB01113,COC1=C(OC)C=C(CC2=NC=CC3=CC(OC)=C(OC)C=C23)C=C1,papaverine,NON-DIQT,0
DB00551,CC(=O)NO,acetohydroxamic acid,NON-DIQT,0
DB01438,NC1=NC(N)=C(C=C1)\N=N\C1=CC=CC=C1,phenazopyridine,NON-DIQT,0
DB01093,CS(C)=O,dimethyl sulfoxide,NON-DIQT,0
DB06211,[H][C@]12[C@@H](C)C(S[C@@H]3CN[C@H](CNS(N)(=O)=O)C3)=C(N1C(=O)[C@]2([H])[C@@H](C)O)C(O)=O,doripenem,NON-DIQT,0
DB00609,CCC1=NC=CC(=C1)C(N)=S,ethionamide,NON-DIQT,0
DB00478,CC(N)C12CC3CC(CC(C3)C1)C2,rimantadine,NON-DIQT,0
DB00317,COC1=C(OCCCN2CCOCC2)C=C2C(NC3=CC(Cl)=C(F)C=C3)=NC=NC2=C1,gefitinib,NON-DIQT,0
DB00461,COC1=CC2=C(C=C1)C=C(CCC(C)=O)C=C2,nabumetone,NON-DIQT,0
DB00423,COC1=C(OCC(O)COC(N)=O)C=CC=C1,methocarbamol,NON-DIQT,0
DB00356,ClC1=CC2=C(OC(=O)N2)C=C1,chlorzoxazone,NON-DIQT,0
DB01173,CN(C)CCOC(C1=CC=CC=C1)C1=CC=CC=C1C,orphenadrine,NON-DIQT,0
DB01032,CCCN(CCC)S(=O)(=O)C1=CC=C(C=C1)C(O)=O,probenecid,NON-DIQT,0
DB05246,CN1C(=O)CC(C)(C1=O)C1=CC=CC=C1,methsuximide,NON-DIQT,0
DB00376,OC(CCN1CCCCC1)(C1CCCCC1)C1=CC=CC=C1,trihexyphenidyl,NON-DIQT,0
DB00312,CCCC(C)C1(CC)C(=O)NC(=O)NC1=O,pentobarbital,NON-DIQT,0
DB00418,CCCC(C)C1(CC=C)C(=O)NC(=O)NC1=O,secobarbital,NON-DIQT,0
DB01019,CC(C[N+](C)(C)C)OC(N)=O,bethanechol,NON-DIQT,0
DB00518,CCCSC1=CC2=C(C=C1)N=C(NC(=O)OC)N2,albendazole,NON-DIQT,0
DB00868,CCCCNC1=CC=C(C=C1)C(=O)OCCOCCOCCOCCOCCOCCOCCOCCOCCOC,benzonatate,NON-DIQT,0
DB00737,CC1=CC(CN2CCN(CC2)C(C2=CC=CC=C2)C2=CC=C(Cl)C=C2)=CC=C1,meclizine,NON-DIQT,0
DB00434,CN1CCC(CC1)=C1C2=CC=CC=C2C=CC2=CC=CC=C12,cyproheptadine,NON-DIQT,0
DB00751,NC1=NCC2N1C1=CC=CC=C1CC1=CC=CC=C21,epinastine,NON-DIQT,0
DB00561,CCN1CC(CCN2CCOCC2)C(C1=O)(C1=CC=CC=C1)C1=CC=CC=C1,doxapram,NON-DIQT,0
DB06771,N[C@@H]1CCCCN(C1)C1=C(F)C=C2C(=O)C(=CN(C3CC3)C2=C1Cl)C(O)=O,besifloxacin,NON-DIQT,0
DB01205,CCOC(=O)C1=C2CN(C)C(=O)C3=C(C=CC(F)=C3)N2C=N1,flumazenil,NON-DIQT,0
DB15685,COC1=NC=C(CN2C3CC2CN(C3)C2=CC=C(C=N2)C2=CC(OCC(C)(C)O)=CN3N=CC(C#N)=C23)C=C1,SELPERCATINIB,Moderate-DIQT concern,1
DB14881,COC1=C(CNCC[C@]2(CCOC3(CCCC3)C2)C2=NC=CC=C2)SC=C1,OLICERIDINE,Moderate-DIQT concern,1
DB14185,CCCCCCCCCCCC(=O)OCN1C(=O)CCC2=CC=C(OCCCCN3CCN(CC3)C3=C(Cl)C(Cl)=CC=C3)C=C12,ARIPIPRAZOLE LAUROXIL,Moderate-DIQT concern,1
DB12612,CC(C)OC1=C(C=C(C=C1)C1=NC(=NO1)C1=C2CC[C@H](NCCO)C2=CC=C1)C#N,OZANIMOD HYDROCHLORIDE,Moderate-DIQT concern,1
DB12371,CCC1=CC(=CC=C1CN1CC(C1)C(O)=O)C(\C)=N\OCC1=CC=C(C2CCCCC2)C(=C1)C(F)(F)F,SIPONIMOD,Moderate-DIQT concern,1
DB11967,CN1C=NC2=C(F)C(NC3=CC=C(Br)C=C3F)=C(C=C12)C(=O)NOCCO,BINIMETINIB,Moderate-DIQT concern,1
DB11915,COC1=C(OC)C=C2[C@H]3C[C@@H](OC(=O)[C@@H](N)C(C)C)[C@H](CC(C)C)CN3CCC2=C1,VALBENAZINE,Moderate-DIQT concern,1
DB11837,FC1=C(C=CC(=C1)C#N)[C@H]1CCC2=CN=CN12,OSILODROSTAT,Moderate-DIQT concern,1
DB11796,COC1=CN=C(N2C=NC(C)=N2)C2=C1C(=CN2COP(O)(O)=O)C(=O)C(=O)N1CCN(CC1)C(=O)C1=CC=CC=C1,FOSTEMSAVIR TROMETHAMINE,Moderate-DIQT concern,1
DB11642,ClC1=CC=C(CCCOCCCN2CCCCC2)C=C1,PITOLISANT HYDROCHLORIDE,Moderate-DIQT concern,1
DB11640,NC1=CC=NC=C1N,AMIFAMPRIDINE,Moderate-DIQT concern,1
DB09330,COC1=C(NC2=NC=CC(=N2)C2=CN(C)C3=C2C=CC=C3)C=C(NC(=O)C=C)C(=C1)N(C)CCN(C)C,OSIMERTINIB,Moderate-DIQT concern,1
DB09065,CC(C)C1=NC(CN(C)C(=O)N[C@@H](CCN2CCOCC2)C(=O)N[C@H](CC[C@H](CC2=CC=CC=C2)NC(=O)OCC2=CN=CS2)CC2=CC=CC=C2)=CS1,COBICISTAT,Moderate-DIQT concern,1
DB09039,CCCCCCCC(=O)N[C@H](CN1CCCC1)[C@H](O)C1=CC=C2OCCOC2=C1,ELIGLUSTAT,Moderate-DIQT concern,1
DB08901,CN1CCN(CC2=CC=C(NC(=O)C3=CC(C#CC4=CN=C5C=CC=NN45)=C(C)C=C3)C=C2C(F)(F)F)CC1,PONATINIB HYDROCHLORIDE,Moderate-DIQT concern,1
DB08865,C[C@@H](OC1=CC(=CN=C1N)C1=CN(N=C1)C1CCNCC1)C1=C(Cl)C=CC(F)=C1Cl,CRIZOTINIB,Moderate-DIQT concern,1
DB08864,CC1=CC(\C=C\C#N)=CC(C)=C1NC1=CC=NC(NC2=CC=C(C=C2)C#N)=N1,RILPIVIRINE HYDROCHLORIDE,Moderate-DIQT concern,1
DB08815,[H][C@@]12[C@H]3CC[C@H](C3)[C@]1([H])C(=O)N(C[C@@H]1CCCC[C@H]1CN1CCN(CC1)C1=NSC3=CC=CC=C13)C2=O,LURASIDONE HYDROCHLORIDE,Moderate-DIQT concern,1
DB06769,CN1C(CCCC(O)=O)=NC2=CC(=CC=C12)N(CCCl)CCCl,BENDAMUSTINE HYDROCHLORIDE,Moderate-DIQT concern,1
DB06700,CN(C)CC(C1=CC=C(O)C=C1)C1(O)CCCCC1,DESVENLAFAXINE,Moderate-DIQT concern,1
DB06663,NCCCC[C@@H]1NC(=O)[C@@H](CC2=CNC3=C2C=CC=C3)NC(=O)[C@@H](NC(=O)[C@@H]2C[C@H](CN2C(=O)[C@H](CC2=CC=CC=C2)NC(=O)[C@H](CC2=CC=C(OCC3=CC=CC=C3)C=C2)NC1=O)OC(=O)NCCN)C1=CC=CC=C1,PASIREOTIDE,Moderate-DIQT concern,1
DB06595,CO[C@@H]1[C@@H](C[C@H]2O[C@]1(C)N1C3=C(C=CC=C3)C3=C1C1=C(C4=C(C=CC=C4)N21)C1=C3CNC1=O)N(C)C(=O)C1=CC=CC=C1,RYDAPT,Moderate-DIQT concern,1
DB06402,CCCCCCCCCCNCCN[C@@]1(C)C[C@H](O[C@@H]2[C@@H](O)[C@H](O)[C@@H](CO)O[C@H]2OC2=C3OC4=CC=C(C=C4Cl)[C@@H](O)[C@@H](NC(=O)[C@@H](CC(C)C)NC)C(=O)N[C@@H](CC(N)=O)C(=O)N[C@@H]4C(C=C2OC2=C(Cl)C=C(C=C2)[C@@H](O)[C@@H]2NC(=O)[C@H](NC4=O)C4=CC(=C(O)C=C4)C4=C(O)C(CNCP(O)(O)=O)=C(O)C=C4[C@H](NC2=O)C(O)=O)=C3)O[C@@H](C)[C@H]1O,TELAVANCIN HYDROCHLORIDE,Moderate-DIQT concern,1
DB06288,CCN1CCCC1CNC(=O)C1=CC(=C(N)C=C1OC)S(=O)(=O)CC,AMISULPRIDE,Moderate-DIQT concern,1
DB05154,[O-][N+](=O)C1=CN2C[C@@H](COC2=N1)OCC1=CC=C(OC(F)(F)F)C=C1,PRETOMANID,Moderate-DIQT concern,1
DB05039,CCC1=C(CC)C=C2CC(CC2=C1)NC[C@H](O)C1=C2C=CC(=O)NC2=C(O)C=C1,INDACATEROL MALEATE,Moderate-DIQT concern,1
DB04948,CC(OC1=C(Cl)C=CC=C1Cl)C1=NCCN1,LOFEXIDINE HYDROCHLORIDE,Moderate-DIQT concern,1
DB01591,O=C(O[C@H]1CN2CCC1CC2)N1CCC2=CC=CC=C2[C@@H]1C1=CC=CC=C1,SOLIFENACIN SUCCINATE,Moderate-DIQT concern,1
DB01264,[H][C@@]12CCO[C@]1([H])OC[C@@H]2OC(=O)N[C@@H](CC1=CC=CC=C1)[C@H](O)CN(CC(C)C)S(=O)(=O)C1=CC=C(N)C=C1,DARUNAVIR,Moderate-DIQT concern,1
DB01238,ClC1=CC=CC(N2CCN(CCCCOC3=CC4=C(CCC(=O)N4)C=C3)CC2)=C1Cl,ARIPIPRAZOLE,Moderate-DIQT concern,1
DB01087,COC1=CC(NC(C)CCCN)=C2N=CC=CC2=C1,PRIMAQUINE PHOSPHATE,Moderate-DIQT concern,1
DB01072,COC(=O)N[C@H](C(=O)N[C@@H](CC1=CC=CC=C1)[C@@H](O)CN(CC1=CC=C(C=C1)C1=CC=CC=N1)NC(=O)[C@@H](NC(=O)OC)C(C)(C)C)C(C)(C)C,ATAZANAVIR,Moderate-DIQT concern,1
DB01036,CC(C)N(CC[C@H](C1=CC=CC=C1)C1=C(O)C=CC(C)=C1)C(C)C,TOLTERODINE TARTRATE,Moderate-DIQT concern,1
DB00956,[H][C@@]12OC3=C(OC)C=CC4=C3[C@@]11CCN(C)[C@]([H])(C4)[C@]1([H])CCC2=O,HYDROCODONE BITARTRATE,Moderate-DIQT concern,1
DB00938,OCC1=C(O)C=CC(=C1)C(O)CNCCCCCCOCCCCC1=CC=CC=C1,SALMETEROL XINAFOATE,Moderate-DIQT concern,1
DB00889,CN1N=C(C(=O)N[C@@H]2C[C@@H]3CCC[C@H](C2)N3C)C2=C1C=CC=C2,GRANISETRON HYDROCHLORIDE,Moderate-DIQT concern,1
DB00862,CCCC1=NC(C)=C2N1NC(=NC2=O)C1=C(OCC)C=CC(=C1)S(=O)(=O)N1CCN(CC)CC1,VARDENAFIL HYDROCHLORIDE,Moderate-DIQT concern,1
DB00834,[H][C@@]12CC[C@@](O)(C#CC)[C@@]1(C)C[C@H](C1=CC=C(C=C1)N(C)C)C1=C3CCC(=O)C=C3CC[C@@]21[H],MIFEPRISTONE,Moderate-DIQT concern,1
DB00752,NC1CC1C1=CC=CC=C1,TRANYLCYPROMINE SULFATE,Moderate-DIQT concern,1
DB00744,CC(N(O)C(N)=O)C1=CC2=CC=CC=C2S1,ZILEUTON,Moderate-DIQT concern,1
DB00742,OC[C@@H](O)[C@@H](O)[C@H](O)[C@H](O)CO,MANNITOL,Moderate-DIQT concern,1
DB00728,[H][C@@]12C[C@@H]([C@H](OC(C)=O)[C@@]1(C)CC[C@@]1([H])[C@@]2([H])CC[C@@]2([H])C[C@H](O)[C@H](C[C@]12C)N1CCOCC1)[N+]1(CC=C)CCCC1,ROCURONIUM BROMIDE,Moderate-DIQT concern,1
DB00675,CC\C(=C(/C1=CC=CC=C1)C1=CC=C(OCCN(C)C)C=C1)C1=CC=CC=C1,TAMOXIFEN CITRATE,Moderate-DIQT concern,1
DB00625,FC(F)(F)[C@]1(OC(=O)NC2=C1C=C(Cl)C=C2)C#CC1CC1,EFAVIRENZ,Moderate-DIQT concern,1
DB00503,CC(C)[C@H](NC(=O)N(C)CC1=CSC(=N1)C(C)C)C(=O)N[C@H](C[C@H](O)[C@H](CC1=CC=CC=C1)NC(=O)OCC1=CN=CS1)CC1=CC=CC=C1,RITONAVIR,Moderate-DIQT concern,1
DB00398,CNC(=O)C1=NC=CC(OC2=CC=C(NC(=O)NC3=CC(=C(Cl)C=C3)C(F)(F)F)C=C2)=C1,SORAFENIB,Moderate-DIQT concern,1
DB00344,CNCCCC1C2=CC=CC=C2C=CC2=CC=CC=C12,PROTRIPTYLINE HYDROCHLORIDE,Moderate-DIQT concern,1
DB00321,CN(C)CCC=C1C2=CC=CC=C2CCC2=CC=CC=C12,AMITRIPTYLINE HYDROCHLORIDE,Moderate-DIQT concern,1
DB00289,CNCC[C@@H](OC1=CC=CC=C1C)C1=CC=CC=C1,ATOMOXETINE,Moderate-DIQT concern,1
DB00285,COC1=CC=C(C=C1)C(CN(C)C)C1(O)CCCCC1,VENLAFAXINE,Moderate-DIQT concern,1
DB00243,COC1=CC=CC=C1OCC(O)CN1CCN(CC(=O)NC2=C(C)C=CC=C2C)CC1,RANOLAZINE,Moderate-DIQT concern,1
DB00220,[H][C@@]12CCCC[C@]1([H])CN(C[C@@H](O)[C@H](CSC1=CC=CC=C1)NC(=O)C1=C(C)C(O)=CC=C1)[C@@H](C2)C(=O)NC(C)(C)C,NELFINAVIR MESYLATE,Moderate-DIQT concern,1
DB00193,COC1=CC=CC(=C1)C1(O)CCCCC1CN(C)C,TRAMADOL HYDROCHLORIDE,Moderate-DIQT concern,1
DB14568,[H][C@@](N(C(=O)[C@]1([H])CCC(=O)N1C1=NC=CC(=C1)C#N)C1=CC(F)=CN=C1)(C(=O)NC1CC(F)(F)C1)C1=C(Cl)C=CC=C1,IVOSIDENIB,Most-DIQT concern,1
DB13074,CC(C)(N)C(=O)N[C@H](CC1=CNC2=CC=CC=C12)C(=O)N[C@H](CC1=CNC2=CC=CC=C12)NC=O,MACIMORELIN ACETATE,Most-DIQT concern,1
DB12865,C[C@@H](NC(=O)[C@@H](CCCNC(N)=N)NC(=O)[C@@H](CCCNC(N)=N)NC(=O)[C@@H](CCCNC(N)=N)NC(=O)[C@@H](C)NC(=O)[C@@H](CSSC[C@H](N)C(O)=O)NC(C)=O)C(=O)N[C@H](CCCNC(N)=N)C(N)=O,ETELCALCETIDE,Most-DIQT concern,1
DB12161,[2H]C([2H])([2H])OC1=CC2=C(C=C1OC([2H])([2H])[2H])[C@@H]1CC(=O)[C@@H](CC(C)C)CN1CC2,DEUTETRABENAZINE,Most-DIQT concern,1
DB12141,CCC1=C(NC2CCOCC2)N=C(NC2=CC=C(N3CCC(CC3)N3CCN(C)CC3)C(OC)=C2)C(=N1)C(N)=O,GILTERITINIB,Most-DIQT concern,1
DB12070,COC1=CC=CC(=C1)N1CCN(CC1)C1=NC2=C(C=CC=C2F)[C@H](CC(O)=O)N1C1=CC(=CC=C1OC)C(F)(F)F,LETERMOVIR,Most-DIQT concern,1
DB11986,CN1CCN(CC1)C1=CC=C(C(=O)NC2=NNC3=CC=C(CC4=CC(F)=CC(F)=C4)C=C23)C(NC2CCOCC2)=C1,ENTRECTINIB,Most-DIQT concern,1
DB11978,CN1CC[C@H](C[C@@H]1C1=NC2=CC=CC=C2N1)NC(=O)NC1=CC=C(C=C1)C#N,GLASDEGIB,Most-DIQT concern,1
DB11730,CN(C)C(=O)C1=CC2=CN=C(NC3=CC=C(C=N3)N3CCNCC3)N=C2N1C1CCCC1,RIBOCICLIB,Most-DIQT concern,1
DB11718,COC(=O)N[C@@H](C)CNC1=NC=CC(=N1)C1=CN(N=C1C1=CC(Cl)=CC(NS(C)(=O)=O)=C1F)C(C)C,ENCORAFENIB,Most-DIQT concern,1
DB09291,C[C@@H](OC[C@]1(CC[C@]2(CCC(=O)N2)CN1)C1=CC=CC=C1)C1=CC(=CC(=C1)C(F)(F)F)C(F)(F)F,ROLAPITANT,Most-DIQT concern,1
DB09083,COC1=C(OC)C=C2[C@@H](CN(C)CCCN3CCC4=CC(OC)=C(OC)C=C4CC3=O)CC2=C1,IVABRADINE,Most-DIQT concern,1
DB09078,COC1=C(C=C2C(OC3=CC=C(NC(=O)NC4CC4)C(Cl)=C3)=CC=NC2=C1)C(N)=O,LENVATINIB,Most-DIQT concern,1
DB09063,CC(C)OC1=C(NC2=NC=C(Cl)C(N2)=NC2=CC=CC=C2S(=O)(=O)C(C)C)C=C(C)C(=C1)C1CCNCC1,CERITINIB,Most-DIQT concern,1
DB08903,COC1=NC2=C(C=C(Br)C=C2)C=C1[C@@H](C1=CC=CC=C1)[C@@](O)(CCN(C)C)C1=CC=CC2=C1C=CC=C2,BEDAQUILINE FUMARATE,Most-DIQT concern,1
DB08881,CCCS(=O)(=O)NC1=C(F)C(C(=O)C2=CNC3=NC=C(C=C23)C2=CC=C(Cl)C=C2)=C(F)C=C1,VEMURAFENIB,Most-DIQT concern,1
DB08868,CCCCCCCCC1=CC=C(CCC(N)(CO)CO)C=C1,FINGOLIMOD HCL,Most-DIQT concern,1
DB06603,CC1=C(CCNCC2=CC=C(\C=C\C(=O)NO)C=C2)C2=CC=CC=C2N1,PANOBINOSTAT,Most-DIQT concern,1
DB05812,[H][C@@]12CC=C(C3=CC=CN=C3)[C@@]1(C)CC[C@@]1([H])[C@@]2([H])CC=C2C[C@@H](O)CC[C@]12C,ABIRATERONE ACETATE,Most-DIQT concern,1
DB05316,CC(C)COC1=CC=C(CNC(=O)N(CC2=CC=C(F)C=C2)C2CCN(C)CC2)C=C1,PIMAVANSERIN TARTRATE,Most-DIQT concern,1
DB05294,COC1=C(OCC2CCN(C)CC2)C=C2N=CN=C(NC3=C(F)C=C(Br)C=C3)C2=C1,VANDETANIB,Most-DIQT concern,1
DB04946,COC1=C(OCCCN2CCC(CC2)C2=NOC3=C2C=CC(F)=C3)C=CC(=C1)C(C)=O,ILOPERIDONE,Most-DIQT concern,1
DB04868,CC1=CN(C=N1)C1=CC(NC(=O)C2=CC=C(C)C(NC3=NC=CC(=N3)C3=CN=CC=C3)=C2)=CC(=C1)C(F)(F)F,NILOTINIB,Most-DIQT concern,1
DB04855,CCCCN(CCCC)CCCOC1=CC=C(C=C1)C(=O)C1=C(CCCC)OC2=C1C=C(NS(C)(=O)=O)C=C2,DRONEDARONE,Most-DIQT concern,1
DB04844,COC1=C(OC)C=C2C3CC(=O)C(CC(C)C)CN3CCC2=C1,TETRABENAZINE,Most-DIQT concern,1
DB01611,CCN(CCO)CCCC(C)NC1=C2C=CC(Cl)=CC2=NC=C1,HYDROXYCHLOROQUINE SULFATE,Most-DIQT concern,1
DB01268,CCN(CC)CCNC(=O)C1=C(C)NC(\C=C2/C(=O)NC3=C2C=C(F)C=C3)=C1C,SUNITINIB MALATE,Most-DIQT concern,1
DB01267,CC1=C(CCN2CCC(CC2)C2=NOC3=C2C=CC(F)=C3)C(=O)N2CCCC(O)C2=N1,PALIPERIDONE,Most-DIQT concern,1
DB01263,CC[C@@H]([C@H](C)O)N1N=CN(C1=O)C1=CC=C(C=C1)N1CCN(CC1)C1=CC=C(OC[C@@H]2CO[C@](CN3C=NC=N3)(C2)C2=C(F)C=C(F)C=C2)C=C1,POSACONAZOLE,Most-DIQT concern,1
DB01232,[H][C@@]12CCCC[C@]1([H])CN(C[C@@H](O)[C@H](CC1=CC=CC=C1)NC(=O)[C@H](CC(N)=O)NC(=O)C1=NC3=C(C=CC=C3)C=C1)[C@@H](C2)C(=O)NC(C)(C)C,SAQUINAVIR MESYLATE,Most-DIQT concern,1
DB01224,OCCOCCN1CCN(CC1)C1=NC2=CC=CC=C2SC2=CC=CC=C12,QUETIAPINE FUMARATE,Most-DIQT concern,1
DB01211,[H][C@@]1(C[C@@](C)(OC)[C@@H](O)[C@H](C)O1)O[C@H]1[C@H](C)[C@@H](O[C@]2([H])O[C@H](C)C[C@@H]([C@H]2O)N(C)C)[C@@](C)(C[C@@H](C)C(=O)[C@H](C)[C@@H](O)[C@](C)(O)[C@@H](CC)OC(=O)[C@@H]1C)OC,CLARITHROMYCIN,Most-DIQT concern,1
DB01195,FC(F)(F)COC1=CC(C(=O)NCC2CCCCN2)=C(OCC(F)(F)F)C=C1,FLECAINIDE ACETATE,Most-DIQT concern,1
DB01182,CCCNCC(O)COC1=C(C=CC=C1)C(=O)CCC1=CC=CC=C1,PROPAFENONE HYDROCHLORIDE,Most-DIQT concern,1
DB01175,CN(C)CCC[C@]1(OCC2=C1C=CC(=C2)C#N)C1=CC=C(F)C=C1,ESCITALOPRAM OXALATE,Most-DIQT concern,1
DB01167,CCC(C)N1N=CN(C1=O)C1=CC=C(C=C1)N1CCN(CC1)C1=CC=C(OC[C@H]2CO[C@@](CN3C=NC=N3)(O2)C2=C(Cl)C=C(Cl)C=C2)C=C1,ITRACONAZOLE,Most-DIQT concern,1
DB01165,CC1COC2=C3N1C=C(C(O)=O)C(=O)C3=CC(F)=C2N1CCN(C)CC1,OFLOXACIN,Most-DIQT concern,1
DB01155,CO\N=C1/CN(CC1CN)C1=NC2=C(C=C1F)C(=O)C(=CN2C1CC1)C(O)=O,GEMIFLOXACIN MESYLATE,Most-DIQT concern,1
DB01149,CCC1=NN(CCCN2CCN(CC2)C2=CC(Cl)=CC=C2)C(=O)N1CCOC1=CC=CC=C1,NEFAZODONE HYDROCHLORIDE,Most-DIQT concern,1
DB01137,C[C@H]1COC2=C3N1C=C(C(O)=O)C(=O)C3=CC(F)=C2N1CCN(C)CC1,LEVOFLOXACIN,Most-DIQT concern,1
DB01129,COCCCOC1=C(C)C(CS(=O)C2=NC3=CC=CC=C3N2)=NC=C1,RABEPRAZOLE SODIUM,Most-DIQT concern,1
DB01118,CCCCC1=C(C(=O)C2=CC(I)=C(OCCN(CC)CC)C(I)=C2)C2=C(O1)C=CC=C2,AMIODARONE HYDROCHLORIDE,Most-DIQT concern,1
DB01104,CN[C@H]1CC[C@@H](C2=CC(Cl)=C(Cl)C=C2)C2=CC=CC=C12,SERTRALINE HYDROCHLORIDE,Most-DIQT concern,1
DB01100,FC1=CC=C(C=C1)C(CCCN1CCC(CC1)N1C(=O)NC2=CC=CC=C12)C1=CC=C(F)C=C1,PIMOZIDE,Most-DIQT concern,1
DB01035,CCN(CC)CCNC(=O)C1=CC=C(N)C=C1,PROCAINAMIDE HYDROCHLORIDE,Most-DIQT concern,1
DB01026,CC(=O)N1CCN(CC1)C1=CC=C(OCC2COC(CN3C=CN=C3)(O2)C2=CC=C(Cl)C=C2Cl)C=C1,KETOCONAZOLE,Most-DIQT concern,1
DB01012,C[C@@H](NCCCC1=CC(=CC=C1)C(F)(F)F)C1=CC=CC2=CC=CC=C12,CINACALCET,Most-DIQT concern,1
DB00978,CCN1C=C(C(O)=O)C(=O)C2=CC(F)=C(N3CCNC(C)C3)C(F)=C12,LOMEFLOXACIN HYDROCHLORIDE,Most-DIQT concern,1
DB00976,[H][C@@]12[C@@H](C)C(=O)[C@H](C)C[C@@](C)(OC)[C@H](O[C@@H]3O[C@H](C)C[C@@H]([C@H]3O)N(C)C)[C@@H](C)C(=O)[C@@H](C)C(=O)O[C@H](CC)[C@@]1(C)OC(=O)N2CCCCN1C=NC(=C1)C1=CC=CN=C1,TELITHROMYCIN,Most-DIQT concern,1
DB00908,[H][C@@]12CCN(C[C@@H]1C=C)[C@]([H])(C2)[C@@H](O)C1=C2C=C(OC)C=CC2=NC=C1,QUINIDINE GLUCONATE,Most-DIQT concern,1
DB00904,CN1C2=C(C3=CC=CC=C13)C(=O)C(CN1C=CN=C1C)CC2,ONDANSETRON HYDROCHLORIDE,Most-DIQT concern,1
DB00864,CO[C@@H]1C[C@@H](CC[C@H]1O)\C=C(/C)[C@H]1OC(=O)[C@@H]2CCCCN2C(=O)C(=O)[C@]2(O)O[C@@H]([C@H](C[C@H]2C)OC)[C@H](C[C@@H](C)C\C(C)=C\[C@@H](CC=C)C(=O)C[C@H](O)[C@H]1C)OC,TACROLIMUS,Most-DIQT concern,1
DB00850,OCCN1CCN(CCCN2C3=CC=CC=C3SC3=C2C=C(Cl)C=C3)CC1,PERPHENAZINE,Most-DIQT concern,1
DB00836,CN(C)C(=O)C(CCN1CCC(O)(CC1)C1=CC=C(Cl)C=C1)(C1=CC=CC=C1)C1=CC=CC=C1,LOPERAMIDE HYDROCHLORIDE,Most-DIQT concern,1
DB00757,[H][C@@]1(C[C@@]2([H])C[C@]3([H])C[C@@]([H])(C1)N2CC3=O)OC(=O)C1=CNC2=C1C=CC=C2,DOLASETRON MESYLATE,Most-DIQT concern,1
DB00734,CC1=C(CCN2CCC(CC2)C2=NOC3=C2C=CC(F)=C3)C(=O)N2CCCCC2=N1,RISPERIDONE,Most-DIQT concern,1
DB00715,FC1=CC=C(C=C1)[C@@H]1CCNC[C@H]1COC1=CC2=C(OCO2)C=C1,PAROXETINE HYDROCHLORIDE HEMIHYDRATE,Most-DIQT concern,1
DB00679,CSC1=CC2=C(SC3=CC=CC=C3N2CCC2CCCCN2C)C=C1,THIORIDAZINE HYDROCHLORIDE,Most-DIQT concern,1
DB00674,[H][C@]12C[C@@H](O)C=C[C@]11CCN(C)CC3=C1C(O2)=C(OC)C=C3,GALANTAMINE HYDROBROMIDE,Most-DIQT concern,1
DB00673,C[C@@H](O[C@H]1OCCN(CC2=NNC(=O)N2)[C@H]1C1=CC=C(F)C=C1)C1=CC(=CC(=C1)C(F)(F)F)C(F)(F)F,APREPITANT,Most-DIQT concern,1
DB00656,ClC1=CC=CC(=C1)N1CCN(CCCN2N=C3C=CC=CN3C2=O)CC1,TRAZODONE HYDROCHLORIDE,Most-DIQT concern,1
DB00608,CCN(CC)CCCC(C)NC1=CC=NC2=CC(Cl)=CC=C12,CHLOROQUINE PHOSPHATE,Most-DIQT concern,1
DB00582,C[C@@H](C1=NC=NC=C1F)[C@](O)(CN1C=NC=N1)C1=C(F)C=C(F)C=C1,VORICONAZOLE,Most-DIQT concern,1
DB00557,OCCOCCN1CCN(CC1)C(C1=CC=CC=C1)C1=CC=C(Cl)C=C1,HYDROXYZINE HYDROCHLORIDE,Most-DIQT concern,1
DB00539,CN(C)CCOC1=CC=C(C=C1)C(=C(\CCCl)C1=CC=CC=C1)\C1=CC=CC=C1,TOREMIFENE CITRATE,Most-DIQT concern,1
DB00537,OC(=O)C1=CN(C2CC2)C2=CC(N3CCNCC3)=C(F)C=C2C1=O,CIPROFLOXACIN,Most-DIQT concern,1
DB00529,OC(=O)P(O)(O)=O,FOSCARNET SODIUM,Most-DIQT concern,1
DB00502,OC1(CCN(CCCC(=O)C2=CC=C(F)C=C2)CC1)C1=CC=C(Cl)C=C1,HALOPERIDOL,Most-DIQT concern,1
DB00489,CC(C)NCC(O)C1=CC=C(NS(C)(=O)=O)C=C1,SOTALOL HYDROCHLORIDE,Most-DIQT concern,1
DB00472,CNCCC(OC1=CC=C(C=C1)C(F)(F)F)C1=CC=CC=C1,FLUOXETINE HYDROCHLORIDE,Most-DIQT concern,1
DB00468,[H][C@]1(C[C@@H]2CC[N@]1C[C@@H]2C=C)[C@H](O)C1=CC=NC2=CC=C(OC)C=C12,QUININE SULFATE,Most-DIQT concern,1
DB00450,FC1=CC=C(C=C1)C(=O)CCCN1CCC(=CC1)N1C(=O)NC2=CC=CC=C12,DROPERIDOL,Most-DIQT concern,1
DB00370,CN1CCN2C(C1)C1=CC=CC=C1CC1=C2N=CC=C1,MIRTAZAPINE,Most-DIQT concern,1
DB00363,CN1CCN(CC1)C1=NC2=CC(Cl)=CC=C2NC2=CC=CC=C12,CLOZAPINE,Most-DIQT concern,1
DB00358,OC(C1CCCCN1)C1=CC(=NC2=C1C=CC=C2C(F)(F)F)C(F)(F)F,MEFLOQUINE HYDROCHLORIDE,Most-DIQT concern,1
DB00333,CCC(=O)C(CC(C)N(C)C)(C1=CC=CC=C1)C1=CC=CC=C1,METHADONE HYDROCHLORIDE,Most-DIQT concern,1
DB00308,CCCCCCCN(CC)CCCC(O)C1=CC=C(NS(C)(=O)=O)C=C1,IBUTILIDE FUMARATE,Most-DIQT concern,1
DB00280,CC(C)N(CCC(C(N)=O)(C1=CC=CC=C1)C1=NC=CC=C1)C(C)C,DISOPYRAMIDE PHOSPHATE,Most-DIQT concern,1
DB00261,ClC1=CC=C2N=C3NC(=O)CN3CC2=C1Cl,ANAGRELIDE HYDROCHLORIDE,Most-DIQT concern,1
DB00252,O=C1NC(=O)C(N1)(C1=CC=CC=C1)C1=CC=CC=C1,FOSPHENYTOIN SODIUM,Most-DIQT concern,1
DB00246,ClC1=C(CCN2CCN(CC2)C2=NSC3=CC=CC=C23)C=C2CC(=O)NC2=C1,ZIPRASIDONE HYDROCHLORIDE,Most-DIQT concern,1
DB00235,CC1=C(C=C(C#N)C(=O)N1)C1=CC=NC=C1,MILRINONE LACTATE,Most-DIQT concern,1
DB00218,[H][C@]12CN(C[C@@]1([H])NCCC2)C1=C(F)C=C2C(=O)C(=CN(C3CC3)C2=C1OC)C(O)=O,MOXIFLOXACIN HYDROCHLORIDE,Most-DIQT concern,1
DB00215,CN(C)CCCC1(OCC2=C1C=CC(=C2)C#N)C1=CC=C(F)C=C1,CITALOPRAM HYDROBROMIDE,Most-DIQT concern,1
DB00207,CC[C@H]1OC(=O)[C@H](C)[C@@H](O[C@H]2C[C@@](C)(OC)[C@@H](O)[C@H](C)O2)[C@H](C)[C@@H](O[C@@H]2O[C@H](C)C[C@@H]([C@H]2O)N(C)C)[C@](C)(O)C[C@@H](C)CN(C)[C@H](C)[C@@H](O)[C@]1(C)O,AZITHROMYCIN MONOHYDRATE,Most-DIQT concern,1
DB00204,CN(CCOC1=CC=C(NS(C)(=O)=O)C=C1)CCC1=CC=C(NS(C)(=O)=O)C=C1,DOFETILIDE,Most-DIQT concern,1
DB00199,CC[C@H]1OC(=O)[C@H](C)[C@@H](O[C@H]2C[C@@](C)(OC)[C@@H](O)[C@H](C)O2)[C@H](C)[C@@H](O[C@@H]2O[C@H](C)C[C@@H]([C@H]2O)N(C)C)[C@](C)(O)C[C@@H](C)C(=O)[C@H](C)[C@@H](O)[C@]1(C)O,ERYTHROMYCIN,Most-DIQT concern,1
DB00196,OC(CN1C=NC=N1)(CN1C=NC=N1)C1=C(F)C=C(F)C=C1,FLUCONAZOLE,Most-DIQT concern,1
DB00176,COCCCC\C(=N/OCCN)C1=CC=C(C=C1)C(F)(F)F,FLUVOXAMINE MALEATE,Most-DIQT concern,1
DB13725,CC(CC(C1=CC=CC=C1)C1=CC=CC=C1)NC(C)(C)C,Terodiline?(Micturin),,1
DB09004,CC(CN(C)C)C(C)(O)CC1=CC=C(Cl)C=C1,Clobutinol,,1
DB06144,FC1=CC=C(C=C1)N1C=C(C2CCN(CCN3CCNC3=O)CC2)C2=C1C=CC(Cl)=C2,Sertindole,,1
DB04825,CC(CC1=CC=CC=C1)NCCC(C1=CC=CC=C1)C1=CC=CC=C1,Prenylamine,,1
DB01388,COCC(=O)O[C@]1(CCN(C)CCCC2=NC3=CC=CC=C3N2)CCC2=C(C=CC(F)=C2)[C@@H]1C(C)C,Mibefradil,,1
DB01228,COC1=CC=C(C=C1)C(=O)NC1=CC=CC=C1CCC1CCCCN1C,Encainide,,1
DB01227,CC[C@H](OC(C)=O)C(C[C@H](C)N(C)C)(C1=CC=CC=C1)C1=CC=CC=C1,Levomethadyl acetate,,1
DB01208,C[C@H]1CN(C[C@@H](C)N1)C1=C(F)C(N)=C2C(=O)C(=CN(C3CC3)C2=C1F)C(O)=O,Sparfloxacin,,1
DB00637,COC1=CC=C(CCN2CCC(CC2)NC2=NC3=CC=CC=C3N2CC2=CC=C(F)C=C2)C=C1,Astemizole?(Hismanal),,1
DB00604,CO[C@H]1CN(CCCOC2=CC=C(F)C=C2)CC[C@H]1NC(=O)C1=CC(Cl)=C(N)C=C1OC,Cisapride?(Propulsid),,1
DB00365,CC1CN(CCN1)C1=C(F)C(C)=C2C(=O)C(=CN(C3CC3)C2=C1)C(O)=O,Grepafloxacin?(Raxar),,1
DB00342,CC(C)(C)C1=CC=C(C=C1)C(O)CCCN1CCC(CC1)C(O)(C1=CC=CC=C1)C1=CC=CC=C1,"Terfenadine?(Seldane, Triludan)",,1
